<?xml version="1.0" encoding="UTF-8"?>

<!--
  Licensed to the Apache Software Foundation (ASF) under one or more
  contributor license agreements.  See the NOTICE file distributed with
  this work for additional information regarding copyright ownership.
  The ASF licenses this file to You under the Apache License, Version 2.0
  (the "License"); you may not use this file except in compliance with
  the License.  You may obtain a copy of the License at

       http://www.apache.org/licenses/LICENSE-2.0

  Unless required by applicable law or agreed to in writing, software
  distributed under the License is distributed on an "AS IS" BASIS,
  WITHOUT WARRANTIES OR CONDITIONS OF ANY KIND, either express or implied.
  See the License for the specific language governing permissions and
  limitations under the License.
-->

<beans xmlns="http://www.springframework.org/schema/beans"
       xmlns:xsi="http://www.w3.org/2001/XMLSchema-instance"
       xsi:schemaLocation="
       http://www.springframework.org/schema/beans
       http://www.springframework.org/schema/beans/spring-beans.xsd">
    <!--
        Alter configuration below as needed.
    -->
<bean class="org.springframework.jdbc.datasource.DriverManagerDataSource" id="dataSource">
    <property name="driverClassName" value="oracle.jdbc.driver.OracleDriver"></property>
    <property name="url" value="jdbc:oracle:thin:@localhost:1521:XE"></property>
    <property name="username" value="hr"></property>
    <property name="password" value="hr"></property>
</bean>
 
<bean class="org.apache.ignite.configuration.IgniteConfiguration" id="ignite.cfg">
    <property name="cacheConfiguration">
        <list>
            <bean class="org.apache.ignite.configuration.CacheConfiguration">
                <property name="name" value="transactionCache"></property>
                <!-- Enable readThrough-->
                <property name="readThrough" value="true"></property>
                <property name="writeThrough" value="true"></property>
                <!-- Set cacheStoreFactory-->
                <property name="cacheStoreFactory">
                    <bean class="javax.cache.configuration.FactoryBuilder" factory-method="factoryOf">
                        <constructor-arg value="org.apache.ignite.examples.datagrid.oracle.TransactionStore"></constructor-arg>
                    </bean>
                </property>
                <property name="queryEntities">
                    <list>
                        <bean class="org.apache.ignite.cache.QueryEntity">
                            <property name="keyType" value="java.lang.Long"></property>
                            <property name="valueType" value="org.apache.ignite.examples.model.Transaction"></property>
                            <property name="fields">
                                <map>
                                    <entry key="id" value="java.lang.Long"></entry>
                                    <entry key="mid" value="java.lang.String"></entry>
                                    <entry key="outletName" value="java.lang.String"></entry>
                                    <entry key="companyName" value="java.lang.String"></entry>
									<entry key="company" value="java.lang.String"></entry>
                                    <entry key="groupName" value="java.lang.String"></entry>
                                    <entry key="tradingDate" value="java.sql.Date"></entry>
                                    <entry key="processingDate" value="java.sql.Date"></entry>
                                    <entry key="cardNumber" value="java.lang.String"></entry>
                                    <entry key="cardExpiryDate" value="java.lang.String"></entry>
                                    <entry key="transactionDate" value="java.sql.Timestamp"></entry>
                                    <entry key="originatorsTransactionRef" value="java.lang.String"></entry>
                                    <entry key="ticketNumber" value="java.lang.String"></entry>
                                    <entry key="transactionTypeName" value="java.lang.String"></entry>
                                    <entry key="transactionSourceName" value="java.lang.String"></entry>
                                    <entry key="receiptNumber" value="java.lang.String"></entry>
                                    <entry key="settlementAmount" value="java.lang.Double"></entry>
                                    <entry key="settlementCurrency" value="java.lang.String"></entry>
                                    <entry key="transactionAmount" value="java.lang.Double"></entry>
                                    <entry key="transactionCurrency" value="java.lang.String"></entry>
                                    <entry key="authCode" value="java.lang.String"></entry>
                                    <entry key="cardBrand" value="java.lang.String"></entry>
                                    <entry key="cardProductTypeName" value="java.lang.String"></entry>
                                    <entry key="cardProductTypeCode" value="java.lang.String"></entry>
                                    <entry key="scheme" value="java.lang.String"></entry>
                                    <entry key="debitCredit" value="java.lang.String"></entry>
                                    <entry key="cardSequenceNo" value="java.lang.String"></entry>
                                    <entry key="acquiredProcessed" value="java.lang.String"></entry>
                                    <entry key="groupCode" value="java.lang.String"></entry>
                                </map>
                            </property>
                        </bean>
                    </list>
                </property>
            </bean>
        </list>
    </property>
 
    <property name="peerClassLoadingEnabled" value="true"></property>
</bean>
</beans>
